"shift_id","employee_id","employee_name","role","shift_date","shift_start_time","shift_end_time","scheduled_hours","hourly_wage","labor_cost","store_id","store_name","store_city","store_state","store_postal_code","store_country","availability_date","availability_start_time","availability_end_time","is_available","shift_status","notes"
"1","101","Maria Bennett","cashier","2024-07-01","2024-07-01T08:00:00","2024-07-01T16:00:00","8","14.75","118","10","SuperMart Downtown","Phoenix","AZ","85001","USA","2024-07-01","2024-07-01T07:00:00","2024-07-01T17:00:00","true","scheduled","Prefers morning shifts."
"2","102","Jeffrey Wang","manager","2024-07-01","2024-07-01T09:00:00","2024-07-01T18:00:00","9","28.5","256.5","11","SuperMart East","Mesa","AZ","85201","USA","2024-07-01","2024-07-01T08:30:00","2024-07-01T19:00:00","true","completed","Covered for supervisor sick leave."
"3","103","Olivia Patel","customer service","2024-07-01","2024-07-01T10:00:00","2024-07-01T14:00:00","4","16","64","12","SuperMart North","Scottsdale","AZ","85251","USA","2024-07-01","2024-07-01T09:00:00","2024-07-01T15:00:00","true","scheduled",""
"4","104","Daniel Martinez","stock associate","2024-07-02","2024-07-02T06:00:00","2024-07-02T14:00:00","8","13.25","106","13","SuperMart West","Glendale","AZ","85301","USA","2024-07-02","2024-07-02T05:30:00","2024-07-02T15:00:00","true","scheduled","Requested extra restocking time."
"5","105","Sarah Kim","cashier","2024-07-02","2024-07-02T12:00:00","2024-07-02T20:00:00","8","15","120","14","SuperMart Central","Tucson","AZ","85701","USA","2024-07-02","2024-07-02T11:00:00","2024-07-02T21:00:00","true","scheduled","Prefers closing shifts."
"6","106","Michael O'Connor","supervisor","2024-07-02","2024-07-02T14:00:00","2024-07-02T22:00:00","8","21.5","172","15","SuperMart Uptown","Chandler","AZ","85225","USA","2024-07-02","2024-07-02T14:00:00","2024-07-02T22:30:00","true","completed","Covered late customer rush."
"7","107","Emily Johnson","customer service","2024-07-03","2024-07-03T09:00:00","2024-07-03T15:00:00","6","15.5","93","16","SuperMart East","Gilbert","AZ","85234","USA","2024-07-03","2024-07-03T09:00:00","2024-07-03T16:00:00","true","scheduled",""
"8","108","David Smith","stock associate","2024-07-03","2024-07-03T05:00:00","2024-07-03T13:00:00","8","13.75","110","17","SuperMart North","Tempe","AZ","85281","USA","2024-07-03","2024-07-03T05:00:00","2024-07-03T14:00:00","true","scheduled","Early shift requested."
"9","109","Megan Lee","other","2024-07-03","2024-07-03T16:00:00","2024-07-03T20:00:00","4","12.5","50","18","SuperMart Downtown","Peoria","AZ","85345","USA","2024-07-03","2024-07-03T15:00:00","2024-07-03T20:30:00","true","completed","Temporary replacement."
"10","110","Brian Foster","manager","2024-07-04","2024-07-04T08:30:00","2024-07-04T17:30:00","9","29","261","19","SuperMart Central","Yuma","AZ","85364","USA","2024-07-04","2024-07-04T08:00:00","2024-07-04T18:00:00","true","scheduled",""
"11","111","Jessica Rivera","cashier","2024-07-04","2024-07-04T14:00:00","2024-07-04T22:00:00","8","15.25","122","20","SuperMart West","Avondale","AZ","85323","USA","2024-07-04","2024-07-04T13:30:00","2024-07-04T22:30:00","true","scheduled","Requested Friday off next week."
"12","112","Christopher Moore","supervisor","2024-07-04","2024-07-04T17:00:00","2024-07-04T23:00:00","6","22.25","133.5","21","SuperMart Uptown","Surprise","AZ","85374","USA","2024-07-04","2024-07-04T16:30:00","2024-07-04T23:59:00","true","completed",""
"13","113","Ashley Nguyen","stock associate","2024-07-05","2024-07-05T07:00:00","2024-07-05T13:00:00","6","13","78","22","SuperMart Downtown","Flagstaff","AZ","86001","USA","2024-07-05","2024-07-05T06:30:00","2024-07-05T14:00:00","true","scheduled",""
"14","114","William Carter","customer service","2024-07-05","2024-07-05T11:00:00","2024-07-05T17:00:00","6","16.25","97.5","23","SuperMart Central","Prescott","AZ","86301","USA","2024-07-05","2024-07-05T10:30:00","2024-07-05T18:00:00","true","completed","Customer complaint handled."
"15","115","Samantha Lewis","cashier","2024-07-05","2024-07-05T16:00:00","2024-07-05T23:00:00","7","15.5","108.5","24","SuperMart West","Queen Creek","AZ","85142","USA","2024-07-05","2024-07-05T15:30:00","2024-07-05T23:30:00","true","swapped","Shift swapped with Megan Lee."
"16","116","Joshua Green","supervisor","2024-07-06","2024-07-06T06:00:00","2024-07-06T14:00:00","8","23","184","25","SuperMart North","Sierra Vista","AZ","85635","USA","2024-07-06","2024-07-06T05:30:00","2024-07-06T14:30:00","true","scheduled",""
"17","117","Rachel Hall","stock associate","2024-07-06","2024-07-06T13:00:00","2024-07-06T19:00:00","6","14.25","85.5","26","SuperMart Uptown","Casa Grande","AZ","85122","USA","2024-07-06","2024-07-06T12:30:00","2024-07-06T19:30:00","true","scheduled",""
"18","118","Andrew Young","manager","2024-07-06","2024-07-06T08:00:00","2024-07-06T17:00:00","9","28","252","10","SuperMart Downtown","Phoenix","AZ","85001","USA","2024-07-06","2024-07-06T07:00:00","2024-07-06T17:30:00","true","scheduled",""
"19","119","Lauren Clark","customer service","2024-07-07","2024-07-07T11:00:00","2024-07-07T17:00:00","6","16.75","100.5","11","SuperMart East","Mesa","AZ","85201","USA","2024-07-07","2024-07-07T10:00:00","2024-07-07T18:00:00","true","completed",""
"20","120","Matthew Hernandez","cashier","2024-07-07","2024-07-07T15:00:00","2024-07-07T22:00:00","7","15.25","106.75","12","SuperMart North","Scottsdale","AZ","85251","USA","2024-07-07","2024-07-07T15:00:00","2024-07-07T22:30:00","true","scheduled",""
"21","121","Natalie Turner","stock associate","2024-07-08","2024-07-08T07:00:00","2024-07-08T15:00:00","8","14","112","13","SuperMart West","Glendale","AZ","85301","USA","2024-07-08","2024-07-08T06:30:00","2024-07-08T15:30:00","true","scheduled",""
"22","122","Nicholas Evans","manager","2024-07-08","2024-07-08T09:00:00","2024-07-08T18:00:00","9","29.5","265.5","14","SuperMart Central","Tucson","AZ","85701","USA","2024-07-08","2024-07-08T08:30:00","2024-07-08T19:00:00","true","scheduled",""
"23","123","Victoria Baker","customer service","2024-07-08","2024-07-08T10:00:00","2024-07-08T14:00:00","4","16.5","66","15","SuperMart Uptown","Chandler","AZ","85225","USA","2024-07-08","2024-07-08T09:00:00","2024-07-08T15:00:00","true","scheduled","Arrived late due to traffic."
"24","124","Benjamin Scott","supervisor","2024-07-09","2024-07-09T14:00:00","2024-07-09T22:00:00","8","22.5","180","16","SuperMart East","Gilbert","AZ","85234","USA","2024-07-09","2024-07-09T14:00:00","2024-07-09T22:30:00","true","scheduled",""
"25","125","Sophia Allen","cashier","2024-07-09","2024-07-09T12:00:00","2024-07-09T20:00:00","8","15.25","122","17","SuperMart North","Tempe","AZ","85281","USA","2024-07-09","2024-07-09T11:00:00","2024-07-09T21:00:00","true","scheduled",""
"26","126","Jacob King","stock associate","2024-07-09","2024-07-09T05:00:00","2024-07-09T13:00:00","8","13.75","110","18","SuperMart Downtown","Peoria","AZ","85345","USA","2024-07-09","2024-07-09T05:00:00","2024-07-09T14:00:00","true","completed","Early shift requested."
"27","127","Abigail Perez","manager","2024-07-09","2024-07-09T09:00:00","2024-07-09T18:00:00","9","27.75","249.75","19","SuperMart Central","Yuma","AZ","85364","USA","2024-07-09","2024-07-09T08:30:00","2024-07-09T19:00:00","true","scheduled",""
"28","128","Anthony Flores","supervisor","2024-07-10","2024-07-10T17:00:00","2024-07-10T23:00:00","6","22.75","136.5","20","SuperMart West","Avondale","AZ","85323","USA","2024-07-10","2024-07-10T16:30:00","2024-07-10T23:59:00","true","scheduled",""
"29","129","Grace Bell","customer service","2024-07-10","2024-07-10T11:00:00","2024-07-10T17:00:00","6","17","102","21","SuperMart Uptown","Surprise","AZ","85374","USA","2024-07-10","2024-07-10T10:30:00","2024-07-10T18:00:00","true","scheduled","Handled returns efficiently."
"30","130","Ethan Morgan","cashier","2024-07-10","2024-07-10T16:00:00","2024-07-10T23:00:00","7","15.5","108.5","22","SuperMart Downtown","Flagstaff","AZ","86001","USA","2024-07-10","2024-07-10T15:30:00","2024-07-10T23:30:00","true","scheduled","Closing shift."
"31","131","Hailey Simmons","stock associate","2024-07-11","2024-07-11T07:00:00","2024-07-11T15:00:00","8","14.5","116","23","SuperMart Central","Prescott","AZ","86301","USA","2024-07-11","2024-07-11T06:30:00","2024-07-11T15:30:00","true","scheduled",""
"32","132","Mason Adams","manager","2024-07-11","2024-07-11T09:00:00","2024-07-11T18:00:00","9","29.25","263.25","24","SuperMart West","Queen Creek","AZ","85142","USA","2024-07-11","2024-07-11T08:30:00","2024-07-11T19:00:00","true","completed",""
"33","133","Zoe Murphy","customer service","2024-07-11","2024-07-11T10:00:00","2024-07-11T14:00:00","4","16","64","25","SuperMart North","Sierra Vista","AZ","85635","USA","2024-07-11","2024-07-11T09:00:00","2024-07-11T15:00:00","true","scheduled",""
"34","134","Lucas Ramirez","supervisor","2024-07-12","2024-07-12T14:00:00","2024-07-12T22:00:00","8","23.5","188","26","SuperMart Uptown","Casa Grande","AZ","85122","USA","2024-07-12","2024-07-12T14:00:00","2024-07-12T22:30:00","true","scheduled",""
"35","135","Chloe Brooks","cashier","2024-07-12","2024-07-12T12:00:00","2024-07-12T20:00:00","8","15","120","10","SuperMart Downtown","Phoenix","AZ","85001","USA","2024-07-12","2024-07-12T11:00:00","2024-07-12T21:00:00","true","scheduled","Prefers closing shifts."
"36","136","Elijah Price","stock associate","2024-07-12","2024-07-12T05:00:00","2024-07-12T13:00:00","8","14.25","114","11","SuperMart East","Mesa","AZ","85201","USA","2024-07-12","2024-07-12T05:00:00","2024-07-12T14:00:00","true","completed",""
"37","137","Layla Reed","manager","2024-07-13","2024-07-13T09:00:00","2024-07-13T18:00:00","9","28.75","258.75","12","SuperMart North","Scottsdale","AZ","85251","USA","2024-07-13","2024-07-13T08:30:00","2024-07-13T19:00:00","true","scheduled",""
"38","138","Aiden Russell","supervisor","2024-07-13","2024-07-13T17:00:00","2024-07-13T23:00:00","6","22.75","136.5","13","SuperMart West","Glendale","AZ","85301","USA","2024-07-13","2024-07-13T16:30:00","2024-07-13T23:59:00","true","scheduled",""
"39","139","Gabriella Torres","customer service","2024-07-13","2024-07-13T11:00:00","2024-07-13T17:00:00","6","17","102","14","SuperMart Central","Tucson","AZ","85701","USA","2024-07-13","2024-07-13T10:30:00","2024-07-13T18:00:00","true","completed","Handled returns efficiently."
"40","140","Jack Cooper","cashier","2024-07-14","2024-07-14T16:00:00","2024-07-14T23:00:00","7","15.5","108.5","15","SuperMart Uptown","Chandler","AZ","85225","USA","2024-07-14","2024-07-14T15:30:00","2024-07-14T23:30:00","true","scheduled","Prefers closing shifts."
"41","141","Ellie Edwards","stock associate","2024-07-14","2024-07-14T05:00:00","2024-07-14T13:00:00","8","14.25","114","16","SuperMart East","Gilbert","AZ","85234","USA","2024-07-14","2024-07-14T05:00:00","2024-07-14T14:00:00","true","completed","Early shift requested."
"42","142","Henry Scott","manager","2024-07-14","2024-07-14T09:00:00","2024-07-14T18:00:00","9","28.5","256.5","17","SuperMart North","Tempe","AZ","85281","USA","2024-07-14","2024-07-14T08:30:00","2024-07-14T19:00:00","true","scheduled",""
"43","143","Madison Wright","supervisor","2024-07-15","2024-07-15T17:00:00","2024-07-15T23:00:00","6","22.75","136.5","18","SuperMart Downtown","Peoria","AZ","85345","USA","2024-07-15","2024-07-15T16:30:00","2024-07-15T23:59:00","true","scheduled",""
"44","144","Lily Thomas","customer service","2024-07-15","2024-07-15T11:00:00","2024-07-15T17:00:00","6","17.25","103.5","19","SuperMart Central","Yuma","AZ","85364","USA","2024-07-15","2024-07-15T10:30:00","2024-07-15T18:00:00","true","completed","Handled returns efficiently."
"45","145","Alexander Lee","cashier","2024-07-15","2024-07-15T16:00:00","2024-07-15T23:00:00","7","15.5","108.5","20","SuperMart West","Avondale","AZ","85323","USA","2024-07-15","2024-07-15T15:30:00","2024-07-15T23:30:00","true","scheduled","Closing shift."
"46","146","Mia Harris","stock associate","2024-07-15","2024-07-15T05:00:00","2024-07-15T13:00:00","8","14.25","114","21","SuperMart Uptown","Surprise","AZ","85374","USA","2024-07-15","2024-07-15T05:00:00","2024-07-15T14:00:00","true","completed","Early shift requested."
"47","147","Samuel Nelson","manager","2024-07-16","2024-07-16T09:00:00","2024-07-16T18:00:00","9","28.75","258.75","22","SuperMart Downtown","Flagstaff","AZ","86001","USA","2024-07-16","2024-07-16T08:30:00","2024-07-16T19:00:00","true","scheduled",""
"48","148","Madeline Rivera","supervisor","2024-07-16","2024-07-16T17:00:00","2024-07-16T23:00:00","6","22.75","136.5","23","SuperMart Central","Prescott","AZ","86301","USA","2024-07-16","2024-07-16T16:30:00","2024-07-16T23:59:00","true","scheduled",""
"49","149","Liam Bennett","customer service","2024-07-16","2024-07-16T11:00:00","2024-07-16T17:00:00","6","17","102","24","SuperMart West","Queen Creek","AZ","85142","USA","2024-07-16","2024-07-16T10:30:00","2024-07-16T18:00:00","true","completed","Handled returns efficiently."
"50","150","Ava Wood","cashier","2024-07-16","2024-07-16T16:00:00","2024-07-16T23:00:00","7","15.5","108.5","25","SuperMart North","Sierra Vista","AZ","85635","USA","2024-07-16","2024-07-16T15:30:00","2024-07-16T23:30:00","true","scheduled","Closing shift."
"51","121","Avery Martinez","cashier","2024-07-05","2024-07-05T08:00:00","2024-07-05T16:00:00","8","14.25","114","27","Retail Market - Northpoint","Seattle","WA","98109","USA","2024-07-05","2024-07-05T07:00:00","2024-07-05T17:00:00","true","scheduled","Requested afternoon break."
"52","122","Jordan Lee","stock associate","2024-07-05","2024-07-05T09:00:00","2024-07-05T15:00:00","6","13.5","81","28","Retail Market - Aurora","Denver","CO","80014","USA","2024-07-05","2024-07-05T08:30:00","2024-07-05T16:00:00","true","completed","Finished stock room early."
"53","123","Morgan Patel","manager","2024-07-05","2024-07-05T10:00:00","2024-07-05T18:00:00","8","29","232","27","Retail Market - Northpoint","Seattle","WA","98109","USA","2024-07-05","2024-07-05T09:30:00","2024-07-05T18:30:00","true","scheduled","Covering for assistant manager."
"54","124","Riley Chen","customer service","2024-07-06","2024-07-06T12:00:00","2024-07-06T20:00:00","8","16","128","29","Retail Market - Cherry Creek","Denver","CO","80206","USA","2024-07-06","2024-07-06T11:00:00","2024-07-06T21:00:00","true","scheduled","Prefers evening shifts."
"55","125","Taylor Nguyen","supervisor","2024-07-06","2024-07-06T07:30:00","2024-07-06T15:30:00","8","21.5","172","30","Retail Market - Capitol Hill","Seattle","WA","98102","USA","2024-07-06","2024-07-06T07:00:00","2024-07-06T16:00:00","true","completed","Handled opening procedures."
"56","126","Casey Johnson","stock associate","2024-07-06","2024-07-06T09:00:00","2024-07-06T14:00:00","5","12.75","63.75","28","Retail Market - Aurora","Denver","CO","80014","USA","2024-07-06","2024-07-06T08:30:00","2024-07-06T15:00:00","true","scheduled","Restocked electronics aisle."
"57","127","Sydney Kim","cashier","2024-07-07","2024-07-07T15:00:00","2024-07-07T21:00:00","6","15","90","31","Retail Market - West End","Portland","OR","97205","USA","2024-07-07","2024-07-07T14:00:00","2024-07-07T22:00:00","true","scheduled","Requested to leave 10 mins early."
"58","128","Alexis Green","other","2024-07-07","2024-07-07T10:00:00","2024-07-07T18:00:00","8","17","136","32","Retail Market - Westfield","Portland","OR","97209","USA","2024-07-07","2024-07-07T09:00:00","2024-07-07T19:00:00","true","completed","Assisted in back office."
"59","129","Blake Rivera","supervisor","2024-07-08","2024-07-08T08:00:00","2024-07-08T16:30:00","8.5","22.25","189.13","27","Retail Market - Northpoint","Seattle","WA","98109","USA","2024-07-08","2024-07-08T08:00:00","2024-07-08T17:00:00","true","swapped","Shift swapped with S. Kim."
"60","130","Jamie Carter","manager","2024-07-08","2024-07-08T11:00:00","2024-07-08T19:00:00","8","30.5","244","33","Retail Market - Tacoma Central","Tacoma","WA","98402","USA","2024-07-08","2024-07-08T10:30:00","2024-07-08T19:30:00","true","scheduled","Monthly inventory check."
"61","131","Drew Evans","customer service","2024-07-09","2024-07-09T13:00:00","2024-07-09T21:00:00","8","16.25","130","29","Retail Market - Cherry Creek","Denver","CO","80206","USA","2024-07-09","2024-07-09T12:00:00","2024-07-09T22:00:00","true","scheduled","Customer complaint handled."
"62","132","Sasha Turner","cashier","2024-07-09","2024-07-09T08:30:00","2024-07-09T15:30:00","7","14.75","103.25","34","Retail Market - Greenwood","Seattle","WA","98103","USA","2024-07-09","2024-07-09T08:00:00","2024-07-09T16:00:00","true","completed","End of shift reconciliation."
"63","133","Peyton Allen","stock associate","2024-07-10","2024-07-10T14:00:00","2024-07-10T20:00:00","6","13.25","79.5","32","Retail Market - Westfield","Portland","OR","97209","USA","2024-07-10","2024-07-10T13:00:00","2024-07-10T21:00:00","true","scheduled","Restocked home goods."
"64","134","Frankie Thomas","cashier","2024-07-10","2024-07-10T08:00:00","2024-07-10T13:00:00","5","15.5","77.5","33","Retail Market - Tacoma Central","Tacoma","WA","98402","USA","2024-07-10","2024-07-10T07:30:00","2024-07-10T14:00:00","true","cancelled","Shift cancelled by manager."
"65","135","Dakota Simmons","supervisor","2024-07-11","2024-07-11T09:00:00","2024-07-11T17:00:00","8","20.75","166","35","Retail Market - Westlake","Seattle","WA","98109","USA","2024-07-11","2024-07-11T08:30:00","2024-07-11T17:30:00","true","scheduled","Training new staff."
"66","136","Jesse Brown","customer service","2024-07-11","2024-07-11T16:00:00","2024-07-11T22:00:00","6","16.5","99","36","Retail Market - Pearl District","Portland","OR","97209","USA","2024-07-11","2024-07-11T15:00:00","2024-07-11T23:00:00","true","completed","Late shift, no issues."
"67","137","Reese Parker","manager","2024-07-12","2024-07-12T07:30:00","2024-07-12T15:30:00","8","28.75","230","34","Retail Market - Greenwood","Seattle","WA","98103","USA","2024-07-12","2024-07-12T07:00:00","2024-07-12T16:00:00","true","scheduled","Weekly meeting scheduled."
"68","138","Cameron King","other","2024-07-12","2024-07-12T14:00:00","2024-07-12T21:00:00","7","17.5","122.5","29","Retail Market - Cherry Creek","Denver","CO","80206","USA","2024-07-12","2024-07-12T13:00:00","2024-07-12T22:00:00","true","scheduled","Assisted with seasonal inventory."
"69","139","Skylar Wright","cashier","2024-07-13","2024-07-13T17:00:00","2024-07-13T21:00:00","4","15.25","61","30","Retail Market - Capitol Hill","Seattle","WA","98102","USA","2024-07-13","2024-07-13T16:00:00","2024-07-13T22:00:00","true","scheduled","Requested to leave on time."
"70","140","Quinn Morgan","customer service","2024-07-13","2024-07-13T09:00:00","2024-07-13T17:00:00","8","16.75","134","31","Retail Market - West End","Portland","OR","97205","USA","2024-07-13","2024-07-13T08:00:00","2024-07-13T17:30:00","true","completed","High foot traffic day."
"71","141","Rowan Phillips","manager","2024-07-14","2024-07-14T12:00:00","2024-07-14T20:00:00","8","29.5","236","35","Retail Market - Westlake","Seattle","WA","98109","USA","2024-07-14","2024-07-14T11:30:00","2024-07-14T20:30:00","true","scheduled","Manager on duty for closing."
"72","142","Finley Sanders","stock associate","2024-07-14","2024-07-14T08:00:00","2024-07-14T14:00:00","6","13","78","36","Retail Market - Pearl District","Portland","OR","97209","USA","2024-07-14","2024-07-14T07:30:00","2024-07-14T14:30:00","true","scheduled","Early restock of shelves."
"73","143","Harper Clark","supervisor","2024-07-15","2024-07-15T14:00:00","2024-07-15T22:00:00","8","21.75","174","32","Retail Market - Westfield","Portland","OR","97209","USA","2024-07-15","2024-07-15T13:00:00","2024-07-15T23:00:00","true","scheduled","Closing shift lead."
"74","144","Charlie Foster","other","2024-07-15","2024-07-15T08:00:00","2024-07-15T13:00:00","5","18","90","29","Retail Market - Cherry Creek","Denver","CO","80206","USA","2024-07-15","2024-07-15T07:30:00","2024-07-15T14:00:00","true","scheduled","Assisting with event prep."
"75","145","Emerson Bailey","cashier","2024-07-16","2024-07-16T11:00:00","2024-07-16T16:00:00","5","14","70","31","Retail Market - West End","Portland","OR","97205","USA","2024-07-16","2024-07-16T10:30:00","2024-07-16T16:30:00","true","scheduled","Short shift for appointment."
"76","146","Sawyer Graham","stock associate","2024-07-16","2024-07-16T08:00:00","2024-07-16T14:00:00","6","13","78","33","Retail Market - Tacoma Central","Tacoma","WA","98402","USA","2024-07-16","2024-07-16T07:30:00","2024-07-16T15:00:00","true","completed","Inventory restock complete."
"77","147","Hayden Wood","supervisor","2024-07-17","2024-07-17T13:00:00","2024-07-17T21:00:00","8","22","176","27","Retail Market - Northpoint","Seattle","WA","98109","USA","2024-07-17","2024-07-17T12:30:00","2024-07-17T21:30:00","true","scheduled","Closing procedures in place."
"78","148","Kennedy Hall","manager","2024-07-17","2024-07-17T08:00:00","2024-07-17T16:00:00","8","30","240","34","Retail Market - Greenwood","Seattle","WA","98103","USA","2024-07-17","2024-07-17T07:30:00","2024-07-17T16:30:00","true","swapped","Shift swapped with R. Parker."
"79","149","Logan Brooks","customer service","2024-07-18","2024-07-18T12:00:00","2024-07-18T18:00:00","6","16","96","28","Retail Market - Aurora","Denver","CO","80014","USA","2024-07-18","2024-07-18T11:30:00","2024-07-18T18:30:00","true","scheduled","Assisting with returns."
"80","150","Parker James","other","2024-07-18","2024-07-18T15:00:00","2024-07-18T22:00:00","7","17.25","120.75","35","Retail Market - Westlake","Seattle","WA","98109","USA","2024-07-18","2024-07-18T14:00:00","2024-07-18T23:00:00","true","completed","Assisted with new product setup."
"81","151","Mackenzie Reed","stock associate","2024-07-19","2024-07-19T09:00:00","2024-07-19T15:00:00","6","13.5","81","36","Retail Market - Pearl District","Portland","OR","97209","USA","2024-07-19","2024-07-19T08:30:00","2024-07-19T16:00:00","true","scheduled","Restocked health & beauty."
"82","152","Payton Murphy","customer service","2024-07-19","2024-07-19T13:00:00","2024-07-19T21:00:00","8","16.75","134","31","Retail Market - West End","Portland","OR","97205","USA","2024-07-19","2024-07-19T12:30:00","2024-07-19T21:30:00","true","scheduled","Regular shift."
"83","153","Alex Jordan","cashier","2024-07-20","2024-07-20T08:00:00","2024-07-20T14:00:00","6","15","90","27","Retail Market - Northpoint","Seattle","WA","98109","USA","2024-07-20","2024-07-20T07:30:00","2024-07-20T14:30:00","true","completed","Opening shift."
"84","154","Robin Bell","supervisor","2024-07-20","2024-07-20T16:00:00","2024-07-20T22:00:00","6","21","126","28","Retail Market - Aurora","Denver","CO","80014","USA","2024-07-20","2024-07-20T15:30:00","2024-07-20T22:30:00","true","scheduled","Closing supervisor."
"85","155","Micah Cook","manager","2024-07-21","2024-07-21T09:30:00","2024-07-21T17:30:00","8","29.25","234","29","Retail Market - Cherry Creek","Denver","CO","80206","USA","2024-07-21","2024-07-21T09:00:00","2024-07-21T18:00:00","true","scheduled","Weekly manager review."
"86","156","Morgan Harper","other","2024-07-21","2024-07-21T14:00:00","2024-07-21T20:00:00","6","17","102","30","Retail Market - Capitol Hill","Seattle","WA","98102","USA","2024-07-21","2024-07-21T13:30:00","2024-07-21T20:30:00","true","completed","Assisted on sales floor."
"87","157","Tatum Richards","stock associate","2024-07-22","2024-07-22T08:30:00","2024-07-22T14:30:00","6","13.75","82.5","31","Retail Market - West End","Portland","OR","97205","USA","2024-07-22","2024-07-22T08:00:00","2024-07-22T15:00:00","true","scheduled","Restocked front aisles."
"88","158","River Kennedy","cashier","2024-07-22","2024-07-22T13:00:00","2024-07-22T19:00:00","6","15.5","93","32","Retail Market - Westfield","Portland","OR","97209","USA","2024-07-22","2024-07-22T12:30:00","2024-07-22T19:30:00","true","scheduled","Requested extra break."
"89","159","Dylan Armstrong","supervisor","2024-07-23","2024-07-23T09:00:00","2024-07-23T17:00:00","8","22.5","180","33","Retail Market - Tacoma Central","Tacoma","WA","98402","USA","2024-07-23","2024-07-23T08:30:00","2024-07-23T17:30:00","true","scheduled","Staff review day."
"90","160","Jaden Howard","manager","2024-07-23","2024-07-23T13:00:00","2024-07-23T21:00:00","8","31","248","34","Retail Market - Greenwood","Seattle","WA","98103","USA","2024-07-23","2024-07-23T12:30:00","2024-07-23T21:30:00","true","scheduled","Manager closing shift."
"91","161","Sage Bryant","other","2024-07-24","2024-07-24T11:00:00","2024-07-24T16:00:00","5","18","90","35","Retail Market - Westlake","Seattle","WA","98109","USA","2024-07-24","2024-07-24T10:30:00","2024-07-24T16:30:00","true","scheduled","Assisting with online orders."
"92","162","Tristan Martinez","cashier","2024-07-24","2024-07-24T09:00:00","2024-07-24T15:00:00","6","15.75","94.5","36","Retail Market - Pearl District","Portland","OR","97209","USA","2024-07-24","2024-07-24T08:30:00","2024-07-24T15:30:00","true","scheduled","Morning shift."
"93","163","Taylor Griffin","stock associate","2024-07-25","2024-07-25T17:00:00","2024-07-25T22:00:00","5","13.5","67.5","27","Retail Market - Northpoint","Seattle","WA","98109","USA","2024-07-25","2024-07-25T16:30:00","2024-07-25T22:30:00","true","completed","Restocked frozen foods."
"94","164","Sam Hunter","customer service","2024-07-25","2024-07-25T08:00:00","2024-07-25T14:00:00","6","16.5","99","28","Retail Market - Aurora","Denver","CO","80014","USA","2024-07-25","2024-07-25T07:30:00","2024-07-25T14:30:00","true","scheduled","Morning shift with high call volume."
"95","165","Jordan Francis","supervisor","2024-07-26","2024-07-26T08:00:00","2024-07-26T16:00:00","8","21.25","170","29","Retail Market - Cherry Creek","Denver","CO","80206","USA","2024-07-26","2024-07-26T07:30:00","2024-07-26T16:30:00","true","scheduled","Supervising seasonal sales."
"96","166","Casey Young","manager","2024-07-26","2024-07-26T12:00:00","2024-07-26T20:00:00","8","30","240","30","Retail Market - Capitol Hill","Seattle","WA","98102","USA","2024-07-26","2024-07-26T11:30:00","2024-07-26T20:30:00","true","scheduled","Manager on duty."
"97","167","Carter Ellis","other","2024-07-27","2024-07-27T15:00:00","2024-07-27T22:00:00","7","18","126","31","Retail Market - West End","Portland","OR","97205","USA","2024-07-27","2024-07-27T14:00:00","2024-07-27T23:00:00","true","scheduled","Assisting with new signage."
"98","168","Lindsay Fox","stock associate","2024-07-27","2024-07-27T08:00:00","2024-07-27T14:00:00","6","13.5","81","32","Retail Market - Westfield","Portland","OR","97209","USA","2024-07-27","2024-07-27T07:30:00","2024-07-27T14:30:00","true","scheduled","Restocked dairy section."
"99","169","Dallas West","customer service","2024-07-28","2024-07-28T12:00:00","2024-07-28T20:00:00","8","16.25","130","33","Retail Market - Tacoma Central","Tacoma","WA","98402","USA","2024-07-28","2024-07-28T11:30:00","2024-07-28T20:30:00","true","scheduled","Busy sales day."
"100","170","Reagan Black","cashier","2024-07-28","2024-07-28T08:00:00","2024-07-28T14:00:00","6","15.25","91.5","34","Retail Market - Greenwood","Seattle","WA","98103","USA","2024-07-28","2024-07-28T07:30:00","2024-07-28T14:30:00","true","completed","Morning cashier."
"201","1501","Jasmine Lee","cashier","2024-07-01","2024-07-01T08:00:00","2024-07-01T14:00:00","6","14.75","88.5","301","MetroMart North","Portland","OR","97201","USA","2024-07-01","2024-07-01T07:30:00","2024-07-01T15:00:00","true","scheduled","Requested shorter lunch break."
"202","1502","Miguel Fernandez","manager","2024-07-01","2024-07-01T09:00:00","2024-07-01T18:00:00","9","28.5","256.5","302","MetroMart South","Portland","OR","97202","USA","2024-07-01","2024-07-01T08:30:00","2024-07-01T18:30:00","true","scheduled","Covering for regular manager."
"203","1503","Kelly O'Brien","stock associate","2024-07-01","2024-07-01T06:00:00","2024-07-01T12:00:00","6","16.25","97.5","303","MetroMart East","Salem","OR","97301","USA","2024-07-01","2024-07-01T05:30:00","2024-07-01T13:00:00","true","completed","Early morning restock."
"204","1504","Patricia Young","customer service","2024-07-01","2024-07-01T12:00:00","2024-07-01T18:00:00","6","17","102","304","MetroMart West","Salem","OR","97302","USA","2024-07-01","2024-07-01T11:30:00","2024-07-01T19:00:00","true","scheduled","Requested afternoon shift."
"205","1505","Samuel Carter","supervisor","2024-07-01","2024-07-01T14:00:00","2024-07-01T22:00:00","8","22","176","305","MetroMart Downtown","Eugene","OR","97401","USA","2024-07-01","2024-07-01T13:30:00","2024-07-01T22:30:00","true","completed","Evening shift supervisor."
"206","1506","Hao Zhang","cashier","2024-07-02","2024-07-02T08:00:00","2024-07-02T16:00:00","8","15","120","306","MetroMart Southeast","Eugene","OR","97402","USA","2024-07-02","2024-07-02T07:30:00","2024-07-02T16:30:00","true","scheduled","Prefers morning shifts."
"207","1507","Fatima Ibrahim","manager","2024-07-02","2024-07-02T10:00:00","2024-07-02T18:00:00","8","29","232","307","MetroMart Uptown","Bend","OR","97701","USA","2024-07-02","2024-07-02T09:30:00","2024-07-02T18:30:00","true","scheduled","Training new staff."
"208","1508","Elena Rossi","stock associate","2024-07-02","2024-07-02T05:00:00","2024-07-02T13:00:00","8","16.75","134","308","MetroMart Central","Bend","OR","97702","USA","2024-07-02","2024-07-02T04:30:00","2024-07-02T13:30:00","true","completed","Restock and inventory."
"209","1509","Amelia Scott","customer service","2024-07-02","2024-07-02T14:00:00","2024-07-02T22:00:00","8","17.5","140","309","MetroMart Southgate","Medford","OR","97501","USA","2024-07-02","2024-07-02T13:30:00","2024-07-02T22:30:00","true","scheduled","Requested evening shift."
"210","1510","Lucas Meyer","supervisor","2024-07-02","2024-07-02T16:00:00","2024-07-02T23:00:00","7","23.5","164.5","310","MetroMart Riverfront","Medford","OR","97502","USA","2024-07-02","2024-07-02T15:30:00","2024-07-02T23:30:00","true","completed","Oversees closing procedure."
"211","1511","Sofia Gutierrez","cashier","2024-07-03","2024-07-03T07:00:00","2024-07-03T13:00:00","6","15.25","91.5","311","MetroMart Highland","Redmond","OR","97756","USA","2024-07-03","2024-07-03T06:30:00","2024-07-03T13:30:00","true","scheduled","Morning cashier coverage."
"212","1512","David Kim","manager","2024-07-03","2024-07-03T09:00:00","2024-07-03T18:00:00","9","27.75","249.75","312","MetroMart Valley","Redmond","OR","97757","USA","2024-07-03","2024-07-03T08:30:00","2024-07-03T18:30:00","true","scheduled","Scheduled for store audit."
"213","1513","Chloe Patel","stock associate","2024-07-03","2024-07-03T06:00:00","2024-07-03T12:00:00","6","16.5","99","313","MetroMart Midtown","Albany","OR","97321","USA","2024-07-03","2024-07-03T05:30:00","2024-07-03T13:00:00","true","completed","Restocking shelves."
"214","1514","Richard Evans","customer service","2024-07-03","2024-07-03T12:00:00","2024-07-03T18:00:00","6","18","108","314","MetroMart Lakeside","Albany","OR","97322","USA","2024-07-03","2024-07-03T11:30:00","2024-07-03T19:00:00","true","scheduled","Customer returns expected."
"215","1515","Nina Popov","supervisor","2024-07-03","2024-07-03T14:00:00","2024-07-03T21:00:00","7","22.75","159.25","315","MetroMart Westhill","Springfield","OR","97477","USA","2024-07-03","2024-07-03T13:30:00","2024-07-03T21:30:00","true","completed","Evening supervisor shift."
"216","1516","Brandon Smith","cashier","2024-07-04","2024-07-04T08:00:00","2024-07-04T14:00:00","6","15.5","93","316","MetroMart Cityview","Springfield","OR","97478","USA","2024-07-04","2024-07-04T07:30:00","2024-07-04T14:30:00","true","scheduled","Holiday shift coverage."
"217","1517","Olivia Nguyen","manager","2024-07-04","2024-07-04T09:00:00","2024-07-04T17:00:00","8","28","224","317","MetroMart Greenway","Corvallis","OR","97330","USA","2024-07-04","2024-07-04T08:30:00","2024-07-04T17:30:00","true","scheduled","Holiday store manager."
"218","1518","Victor Hernandez","stock associate","2024-07-04","2024-07-04T06:00:00","2024-07-04T12:00:00","6","17","102","318","MetroMart Riverbend","Corvallis","OR","97331","USA","2024-07-04","2024-07-04T05:30:00","2024-07-04T13:00:00","true","completed","Restock for sales event."
"219","1519","Sophia Harris","customer service","2024-07-04","2024-07-04T12:00:00","2024-07-04T20:00:00","8","18.5","148","319","MetroMart Parkside","Gresham","OR","97030","USA","2024-07-04","2024-07-04T11:30:00","2024-07-04T20:30:00","true","scheduled","Holiday customer service."
"220","1520","William Parker","supervisor","2024-07-04","2024-07-04T14:00:00","2024-07-04T22:00:00","8","23","184","320","MetroMart Oakridge","Gresham","OR","97031","USA","2024-07-04","2024-07-04T13:30:00","2024-07-04T22:30:00","true","completed","Supervising holiday crew."
"221","1521","Hannah Baker","cashier","2024-07-05","2024-07-05T08:00:00","2024-07-05T16:00:00","8","15.75","126","321","MetroMart Maple","Hillsboro","OR","97123","USA","2024-07-05","2024-07-05T07:30:00","2024-07-05T16:30:00","true","scheduled","Requested full shift."
"222","1522","Noah Thompson","manager","2024-07-05","2024-07-05T09:00:00","2024-07-05T17:00:00","8","27.5","220","322","MetroMart Cedar","Hillsboro","OR","97124","USA","2024-07-05","2024-07-05T08:30:00","2024-07-05T17:30:00","true","scheduled","End-of-week manager."
"223","1523","Priya Sharma","stock associate","2024-07-05","2024-07-05T07:00:00","2024-07-05T13:00:00","6","16.8","100.8","323","MetroMart Pines","Beaverton","OR","97005","USA","2024-07-05","2024-07-05T06:30:00","2024-07-05T13:30:00","true","completed","Stocking early shift."
"224","1524","Tyler James","customer service","2024-07-05","2024-07-05T13:00:00","2024-07-05T21:00:00","8","17.75","142","324","MetroMart Willow","Beaverton","OR","97006","USA","2024-07-05","2024-07-05T12:30:00","2024-07-05T21:30:00","true","scheduled","Requested late start."
"225","1525","Liam Davis","supervisor","2024-07-05","2024-07-05T15:00:00","2024-07-05T22:00:00","7","23.25","162.75","325","MetroMart Elm","Tigard","OR","97224","USA","2024-07-05","2024-07-05T14:30:00","2024-07-05T22:30:00","true","completed","Overseeing closing crew."
"226","1526","Emily Clark","cashier","2024-07-06","2024-07-06T07:00:00","2024-07-06T15:00:00","8","15.95","127.6","326","MetroMart Spruce","Tigard","OR","97223","USA","2024-07-06","2024-07-06T06:30:00","2024-07-06T15:30:00","true","scheduled","Requested extra hours."
"227","1527","James Wilson","manager","2024-07-06","2024-07-06T09:00:00","2024-07-06T17:00:00","8","28.25","226","327","MetroMart Oak","Lake Oswego","OR","97034","USA","2024-07-06","2024-07-06T08:30:00","2024-07-06T17:30:00","true","scheduled","Saturday manager."
"228","1528","Grace Allen","stock associate","2024-07-06","2024-07-06T06:00:00","2024-07-06T12:00:00","6","16.95","101.7","328","MetroMart Cedarview","Lake Oswego","OR","97035","USA","2024-07-06","2024-07-06T05:30:00","2024-07-06T13:00:00","true","completed","Restocking for weekend."
"229","1529","Ava Martinez","customer service","2024-07-06","2024-07-06T13:00:00","2024-07-06T21:00:00","8","18.25","146","329","MetroMart Ash","Milwaukie","OR","97222","USA","2024-07-06","2024-07-06T12:30:00","2024-07-06T21:30:00","true","scheduled","Requested shift swap."
"230","1530","Jack Murphy","supervisor","2024-07-06","2024-07-06T15:00:00","2024-07-06T22:00:00","7","22.95","160.65","330","MetroMart Mapleview","Milwaukie","OR","97221","USA","2024-07-06","2024-07-06T14:30:00","2024-07-06T22:30:00","true","completed","Supervising late shift."
"231","1531","Mia King","cashier","2024-07-07","2024-07-07T08:00:00","2024-07-07T14:00:00","6","16.1","96.6","331","MetroMart Ridge","Oregon City","OR","97045","USA","2024-07-07","2024-07-07T07:30:00","2024-07-07T14:30:00","true","scheduled","Sunday coverage."
"232","1532","Ethan Rivera","manager","2024-07-07","2024-07-07T09:00:00","2024-07-07T17:00:00","8","29.25","234","332","MetroMart Valleyview","Oregon City","OR","97044","USA","2024-07-07","2024-07-07T08:30:00","2024-07-07T17:30:00","true","scheduled","Weekend manager."
"233","1533","Isabella Walker","stock associate","2024-07-07","2024-07-07T06:00:00","2024-07-07T12:00:00","6","17.1","102.6","333","MetroMart Crest","West Linn","OR","97068","USA","2024-07-07","2024-07-07T05:30:00","2024-07-07T13:00:00","true","completed","Early Sunday restock."
"234","1534","Benjamin Phillips","customer service","2024-07-07","2024-07-07T13:00:00","2024-07-07T21:00:00","8","19","152","334","MetroMart Willowbrook","West Linn","OR","97067","USA","2024-07-07","2024-07-07T12:30:00","2024-07-07T21:30:00","true","scheduled","Customer rewards event."
"235","1535","Charlotte Brown","supervisor","2024-07-07","2024-07-07T15:00:00","2024-07-07T22:00:00","7","24","168","335","MetroMart Pinecrest","Sherwood","OR","97140","USA","2024-07-07","2024-07-07T14:30:00","2024-07-07T22:30:00","true","completed","End of week supervisor."
"236","1536","Lily Johnson","cashier","2024-07-08","2024-07-08T08:00:00","2024-07-08T14:00:00","6","16.25","97.5","336","MetroMart Summit","Sherwood","OR","97141","USA","2024-07-08","2024-07-08T07:30:00","2024-07-08T14:30:00","true","scheduled","Monday opening."
"237","1537","Evan Wright","manager","2024-07-08","2024-07-08T09:00:00","2024-07-08T17:00:00","8","29.75","238","337","MetroMart Canyon","Forest Grove","OR","97116","USA","2024-07-08","2024-07-08T08:30:00","2024-07-08T17:30:00","true","scheduled","Manager meeting scheduled."
"238","1538","Abigail Lewis","stock associate","2024-07-08","2024-07-08T06:00:00","2024-07-08T12:00:00","6","17.25","103.5","338","MetroMart Granite","Forest Grove","OR","97117","USA","2024-07-08","2024-07-08T05:30:00","2024-07-08T13:00:00","true","completed","Inventory check."
"239","1539","Joshua Lee","customer service","2024-07-08","2024-07-08T12:00:00","2024-07-08T18:00:00","6","18.25","109.5","339","MetroMart Sunrise","Newberg","OR","97132","USA","2024-07-08","2024-07-08T11:30:00","2024-07-08T19:00:00","true","scheduled","Customer loyalty event."
"240","1540","Jacob Hall","supervisor","2024-07-08","2024-07-08T14:00:00","2024-07-08T21:00:00","7","24.25","169.75","340","MetroMart Willowrun","Newberg","OR","97133","USA","2024-07-08","2024-07-08T13:30:00","2024-07-08T21:30:00","true","completed","Closing supervisor."
"241","1541","Natalie Edwards","cashier","2024-07-09","2024-07-09T08:00:00","2024-07-09T14:00:00","6","16.5","99","341","MetroMart Eastwood","Canby","OR","97013","USA","2024-07-09","2024-07-09T07:30:00","2024-07-09T14:30:00","true","scheduled","Opened register."
"242","1542","Samantha Foster","manager","2024-07-09","2024-07-09T09:00:00","2024-07-09T17:00:00","8","30","240","342","MetroMart Oakwood","Canby","OR","97014","USA","2024-07-09","2024-07-09T08:30:00","2024-07-09T17:30:00","true","scheduled","Manager on rotation."
"243","1543","Henry Ward","stock associate","2024-07-09","2024-07-09T06:00:00","2024-07-09T12:00:00","6","17.4","104.4","343","MetroMart Bayside","Woodburn","OR","97071","USA","2024-07-09","2024-07-09T05:30:00","2024-07-09T13:00:00","true","completed","Stock associate training."
"244","1544","Ella Green","customer service","2024-07-09","2024-07-09T12:00:00","2024-07-09T18:00:00","6","18.4","110.4","344","MetroMart Oakgrove","Woodburn","OR","97072","USA","2024-07-09","2024-07-09T11:30:00","2024-07-09T19:00:00","true","scheduled","Customer returns expected."
"245","1545","Matthew Torres","supervisor","2024-07-09","2024-07-09T15:00:00","2024-07-09T22:00:00","7","24.5","171.5","345","MetroMart Broadview","McMinnville","OR","97128","USA","2024-07-09","2024-07-09T14:30:00","2024-07-09T22:30:00","true","completed","End of day supervisor."
"246","1546","Mason Turner","cashier","2024-07-10","2024-07-10T08:00:00","2024-07-10T14:00:00","6","16.75","100.5","346","MetroMart Rosewood","McMinnville","OR","97127","USA","2024-07-10","2024-07-10T07:30:00","2024-07-10T14:30:00","true","scheduled","Cashier opening shift."
"247","1547","Ella Stewart","other","2024-07-10","2024-07-10T09:00:00","2024-07-10T17:00:00","8","21.5","172","347","MetroMart Heritage","Newport","OR","97365","USA","2024-07-10","2024-07-10T08:30:00","2024-07-10T17:30:00","true","scheduled","Special project support."
"248","1548","Oliver Murphy","stock associate","2024-07-10","2024-07-10T06:00:00","2024-07-10T12:00:00","6","17.6","105.6","348","MetroMart Seaview","Newport","OR","97366","USA","2024-07-10","2024-07-10T05:30:00","2024-07-10T13:00:00","true","completed","Stocking morning shift."
"249","1549","Harper Moore","customer service","2024-07-10","2024-07-10T12:00:00","2024-07-10T18:00:00","6","18.6","111.6","349","MetroMart Forest","Astoria","OR","97103","USA","2024-07-10","2024-07-10T11:30:00","2024-07-10T19:00:00","true","scheduled","Afternoon shift coverage."
"250","1550","Zoe Bennett","supervisor","2024-07-10","2024-07-10T14:00:00","2024-07-10T21:00:00","7","25","175","350","MetroMart Cliffside","Astoria","OR","97104","USA","2024-07-10","2024-07-10T13:30:00","2024-07-10T21:30:00","true","completed","Supervising closing shift."
"151","131","Shawn Mendez","supervisor","2024-07-16","2024-07-16T09:00:00","2024-07-16T16:00:00","7","23.75","166.25","41","Market Square West","Phoenix","AZ","85003","USA","2024-07-16","2024-07-16T08:00:00","2024-07-16T18:00:00","true","scheduled","No overtime allowed."
"152","132","Grace Lee","cashier","2024-07-17","2024-07-17T12:00:00","2024-07-17T18:00:00","6","15.25","91.5","42","Sun Valley Retail","Scottsdale","AZ","85251","USA","2024-07-17","2024-07-17T11:00:00","2024-07-17T19:00:00","true","scheduled","Requested shorter shift due to class."
"153","133","Felix Turner","manager","2024-07-18","2024-07-18T08:30:00","2024-07-18T17:00:00","8.5","29.5","250.75","41","Market Square West","Phoenix","AZ","85003","USA","2024-07-18","2024-07-18T08:00:00","2024-07-18T18:00:00","true","completed","Covered opening and closing duties."
"154","134","Sophia Patel","stock associate","2024-07-19","2024-07-19T13:00:00","2024-07-19T21:00:00","8","14.75","118","43","Greenfield Plaza","Tucson","AZ","85701","USA","2024-07-19","2024-07-19T12:00:00","2024-07-19T22:00:00","true","scheduled","Evening restocking shift."
"155","135","Lucas Nguyen","customer service","2024-07-20","2024-07-20T10:00:00","2024-07-20T18:00:00","8","17.25","138","44","Desert Ridge Mall","Mesa","AZ","85201","USA","2024-07-20","2024-07-20T09:00:00","2024-07-20T19:00:00","true","completed","Handled busy weekend traffic."
"156","136","Emily Roberts","supervisor","2024-07-21","2024-07-21T14:00:00","2024-07-21T20:00:00","6","24.5","147","45","Cactus Grove Center","Glendale","AZ","85301","USA","2024-07-21","2024-07-21T13:00:00","2024-07-21T21:00:00","true","scheduled","Supervisor for closing shift."
"157","137","Harper King","cashier","2024-07-22","2024-07-22T15:00:00","2024-07-22T22:00:00","7","16.25","113.75","46","Eastside Retail","Tempe","AZ","85281","USA","2024-07-22","2024-07-22T14:00:00","2024-07-22T23:00:00","true","scheduled","Late shift for summer sale."
"158","138","Olivia Kim","manager","2024-07-23","2024-07-23T09:30:00","2024-07-23T18:00:00","8.5","30","255","43","Greenfield Plaza","Tucson","AZ","85701","USA","2024-07-23","2024-07-23T09:00:00","2024-07-23T19:00:00","true","completed","Manager shift for midweek operations."
"159","139","Mason Clark","stock associate","2024-07-24","2024-07-24T07:00:00","2024-07-24T15:00:00","8","13.75","110","47","Riverwalk Shops","Flagstaff","AZ","86001","USA","2024-07-24","2024-07-24T06:00:00","2024-07-24T16:00:00","true","scheduled","Early inventory shift."
"160","140","Ella Foster","customer service","2024-07-25","2024-07-25T10:30:00","2024-07-25T17:30:00","7","18.25","127.75","44","Desert Ridge Mall","Mesa","AZ","85201","USA","2024-07-25","2024-07-25T10:00:00","2024-07-25T18:00:00","true","scheduled","Customer service for loyalty event."
"161","141","Aiden Brooks","supervisor","2024-07-26","2024-07-26T08:00:00","2024-07-26T16:00:00","8","25","200","45","Cactus Grove Center","Glendale","AZ","85301","USA","2024-07-26","2024-07-26T07:00:00","2024-07-26T17:00:00","true","scheduled","Morning supervisor shift."
"162","142","Jasmine Chen","cashier","2024-07-27","2024-07-27T14:00:00","2024-07-27T20:30:00","6.5","15.75","102.38","46","Eastside Retail","Tempe","AZ","85281","USA","2024-07-27","2024-07-27T13:00:00","2024-07-27T21:00:00","true","completed","Covered partial shift for colleague."
"163","143","Samuel White","manager","2024-07-28","2024-07-28T11:00:00","2024-07-28T19:00:00","8","31","248","47","Riverwalk Shops","Flagstaff","AZ","86001","USA","2024-07-28","2024-07-28T10:00:00","2024-07-28T20:00:00","true","completed","End-of-month manager review."
"164","144","Leah Scott","stock associate","2024-07-29","2024-07-29T16:00:00","2024-07-29T21:00:00","5","14.5","72.5","41","Market Square West","Phoenix","AZ","85003","USA","2024-07-29","2024-07-29T15:00:00","2024-07-29T22:00:00","true","scheduled","Restocking after holiday rush."
"165","145","Nathan Ramirez","customer service","2024-07-30","2024-07-30T12:30:00","2024-07-30T19:00:00","6.5","17.5","113.75","42","Sun Valley Retail","Scottsdale","AZ","85251","USA","2024-07-30","2024-07-30T12:00:00","2024-07-30T20:00:00","true","scheduled","Customer returns and inquiries."
"166","146","Victoria Young","supervisor","2024-07-31","2024-07-31T09:00:00","2024-07-31T15:00:00","6","26","156","43","Greenfield Plaza","Tucson","AZ","85701","USA","2024-07-31","2024-07-31T08:00:00","2024-07-31T16:00:00","true","scheduled","Supervisor for new inventory."
"167","147","Liam Martinez","cashier","2024-08-01","2024-08-01T15:30:00","2024-08-01T22:00:00","6.5","15.5","100.75","44","Desert Ridge Mall","Mesa","AZ","85201","USA","2024-08-01","2024-08-01T15:00:00","2024-08-01T23:00:00","true","completed","Late cashier shift for clearance event."
"168","148","Chloe Adams","manager","2024-08-02","2024-08-02T10:00:00","2024-08-02T18:30:00","8.5","29","246.5","45","Cactus Grove Center","Glendale","AZ","85301","USA","2024-08-02","2024-08-02T09:00:00","2024-08-02T19:00:00","true","completed","Manager for quarterly review."
"169","149","Henry Baker","stock associate","2024-08-03","2024-08-03T07:30:00","2024-08-03T15:00:00","7.5","14.25","106.88","46","Eastside Retail","Tempe","AZ","85281","USA","2024-08-03","2024-08-03T07:00:00","2024-08-03T16:00:00","true","scheduled","Restocking for weekend sale."
"170","150","Zoey Rivera","customer service","2024-08-04","2024-08-04T11:00:00","2024-08-04T18:00:00","7","18","126","47","Riverwalk Shops","Flagstaff","AZ","86001","USA","2024-08-04","2024-08-04T10:00:00","2024-08-04T19:00:00","true","scheduled","Customer service for back-to-school."
"171","151","Madison Evans","supervisor","2024-08-05","2024-08-05T12:00:00","2024-08-05T20:00:00","8","26.75","214","41","Market Square West","Phoenix","AZ","85003","USA","2024-08-05","2024-08-05T11:00:00","2024-08-05T21:00:00","true","scheduled","Supervisor for evening shift."
"172","152","Jack Murphy","cashier","2024-08-06","2024-08-06T09:00:00","2024-08-06T15:00:00","6","16","96","42","Sun Valley Retail","Scottsdale","AZ","85251","USA","2024-08-06","2024-08-06T08:00:00","2024-08-06T16:00:00","true","completed","Morning cashier, high volume."
"173","153","Avery Hill","manager","2024-08-07","2024-08-07T10:00:00","2024-08-07T19:00:00","9","28.5","256.5","43","Greenfield Plaza","Tucson","AZ","85701","USA","2024-08-07","2024-08-07T09:00:00","2024-08-07T20:00:00","true","scheduled","Manager for new shipment."
"174","154","Charlotte Torres","stock associate","2024-08-08","2024-08-08T13:00:00","2024-08-08T21:00:00","8","15","120","44","Desert Ridge Mall","Mesa","AZ","85201","USA","2024-08-08","2024-08-08T12:00:00","2024-08-08T22:00:00","true","scheduled","Restock after event."
"175","155","Benjamin Russell","customer service","2024-08-09","2024-08-09T14:00:00","2024-08-09T20:00:00","6","17.75","106.5","45","Cactus Grove Center","Glendale","AZ","85301","USA","2024-08-09","2024-08-09T13:00:00","2024-08-09T21:00:00","true","scheduled","Customer survey day."
"176","156","Penelope Wood","supervisor","2024-08-10","2024-08-10T08:00:00","2024-08-10T15:00:00","7","27.25","190.75","46","Eastside Retail","Tempe","AZ","85281","USA","2024-08-10","2024-08-10T07:00:00","2024-08-10T16:00:00","true","completed","Supervisor opening shift."
"177","157","Ryan Perry","cashier","2024-08-11","2024-08-11T10:00:00","2024-08-11T17:00:00","7","16.5","115.5","47","Riverwalk Shops","Flagstaff","AZ","86001","USA","2024-08-11","2024-08-11T09:00:00","2024-08-11T18:00:00","true","scheduled","High volume shift."
"178","158","Zachary Morris","manager","2024-08-12","2024-08-12T09:00:00","2024-08-12T18:00:00","9","30.5","274.5","41","Market Square West","Phoenix","AZ","85003","USA","2024-08-12","2024-08-12T08:00:00","2024-08-12T19:00:00","true","completed","Manager for new POS system install."
"179","159","Layla Bennett","stock associate","2024-08-13","2024-08-13T14:00:00","2024-08-13T20:00:00","6","15.25","91.5","42","Sun Valley Retail","Scottsdale","AZ","85251","USA","2024-08-13","2024-08-13T13:00:00","2024-08-13T21:00:00","true","scheduled","Stock for upcoming promotion."
"180","160","Savannah Reed","customer service","2024-08-14","2024-08-14T12:00:00","2024-08-14T19:00:00","7","18.25","127.75","43","Greenfield Plaza","Tucson","AZ","85701","USA","2024-08-14","2024-08-14T11:00:00","2024-08-14T20:00:00","true","scheduled","Customer assistance for special orders."
"181","161","Gabriel Cooper","supervisor","2024-08-15","2024-08-15T09:00:00","2024-08-15T17:00:00","8","28","224","44","Desert Ridge Mall","Mesa","AZ","85201","USA","2024-08-15","2024-08-15T08:00:00","2024-08-15T18:00:00","true","scheduled","Supervisor for staff training."
"182","162","Sofia Stevens","cashier","2024-08-16","2024-08-16T13:00:00","2024-08-16T19:30:00","6.5","16.25","105.63","45","Cactus Grove Center","Glendale","AZ","85301","USA","2024-08-16","2024-08-16T12:00:00","2024-08-16T20:00:00","true","completed","Cashier for afternoon rush."
"183","163","David Price","manager","2024-08-17","2024-08-17T10:00:00","2024-08-17T19:00:00","9","29.5","265.5","46","Eastside Retail","Tempe","AZ","85281","USA","2024-08-17","2024-08-17T09:00:00","2024-08-17T20:00:00","true","scheduled","Manager for new POS roll-out."
"184","164","Isla Watson","stock associate","2024-08-18","2024-08-18T07:30:00","2024-08-18T14:30:00","7","15.25","106.75","47","Riverwalk Shops","Flagstaff","AZ","86001","USA","2024-08-18","2024-08-18T07:00:00","2024-08-18T15:00:00","true","scheduled","Restocking early shift."
"185","165","Evelyn James","customer service","2024-08-19","2024-08-19T12:00:00","2024-08-19T18:00:00","6","18.25","109.5","41","Market Square West","Phoenix","AZ","85003","USA","2024-08-19","2024-08-19T11:00:00","2024-08-19T19:00:00","true","scheduled","Customer service for seasonal sale."
"186","166","Julian Rivera","supervisor","2024-08-20","2024-08-20T08:00:00","2024-08-20T16:00:00","8","28.25","226","42","Sun Valley Retail","Scottsdale","AZ","85251","USA","2024-08-20","2024-08-20T07:00:00","2024-08-20T17:00:00","true","scheduled","Supervisor for morning shift."
"187","167","Camila Morgan","cashier","2024-08-21","2024-08-21T15:00:00","2024-08-21T21:00:00","6","16","96","43","Greenfield Plaza","Tucson","AZ","85701","USA","2024-08-21","2024-08-21T14:00:00","2024-08-21T22:00:00","true","completed","Cashier for closing shift."
"188","168","Elijah Bryant","manager","2024-08-22","2024-08-22T09:00:00","2024-08-22T18:00:00","9","31","279","44","Desert Ridge Mall","Mesa","AZ","85201","USA","2024-08-22","2024-08-22T08:00:00","2024-08-22T19:00:00","true","scheduled","Manager for annual review."
"189","169","Scarlett Hayes","stock associate","2024-08-23","2024-08-23T07:00:00","2024-08-23T15:00:00","8","15.25","122","45","Cactus Grove Center","Glendale","AZ","85301","USA","2024-08-23","2024-08-23T06:00:00","2024-08-23T16:00:00","true","scheduled","Inventory shift."
"190","170","Luke Peterson","customer service","2024-08-24","2024-08-24T13:00:00","2024-08-24T19:00:00","6","18.5","111","46","Eastside Retail","Tempe","AZ","85281","USA","2024-08-24","2024-08-24T12:00:00","2024-08-24T20:00:00","true","scheduled","Customer service for rewards day."
"191","171","Stella Harper","supervisor","2024-08-25","2024-08-25T14:00:00","2024-08-25T21:00:00","7","29","203","47","Riverwalk Shops","Flagstaff","AZ","86001","USA","2024-08-25","2024-08-25T13:00:00","2024-08-25T22:00:00","true","scheduled","Supervisor for closing event."
"192","172","Anna Powell","cashier","2024-08-26","2024-08-26T08:00:00","2024-08-26T14:00:00","6","16.75","100.5","41","Market Square West","Phoenix","AZ","85003","USA","2024-08-26","2024-08-26T07:00:00","2024-08-26T15:00:00","true","completed","Morning cashier shift."
"193","173","Aaron Foster","manager","2024-08-27","2024-08-27T12:00:00","2024-08-27T20:00:00","8","30.25","242","42","Sun Valley Retail","Scottsdale","AZ","85251","USA","2024-08-27","2024-08-27T11:00:00","2024-08-27T21:00:00","true","scheduled","Manager for late shift."
"194","174","Mila Long","stock associate","2024-08-28","2024-08-28T13:00:00","2024-08-28T20:00:00","7","15.5","108.5","43","Greenfield Plaza","Tucson","AZ","85701","USA","2024-08-28","2024-08-28T12:00:00","2024-08-28T21:00:00","true","scheduled","Stock for seasonal refresh."
"195","175","Jonathan Bell","customer service","2024-08-29","2024-08-29T14:00:00","2024-08-29T20:00:00","6","18.75","112.5","44","Desert Ridge Mall","Mesa","AZ","85201","USA","2024-08-29","2024-08-29T13:00:00","2024-08-29T21:00:00","true","scheduled","Customer service for rewards event."
"196","176","Hazel Carter","supervisor","2024-08-30","2024-08-30T09:00:00","2024-08-30T16:00:00","7","29.5","206.5","45","Cactus Grove Center","Glendale","AZ","85301","USA","2024-08-30","2024-08-30T08:00:00","2024-08-30T17:00:00","true","completed","Supervisor for training session."
"197","177","Carter Reed","cashier","2024-08-31","2024-08-31T10:00:00","2024-08-31T17:00:00","7","16.5","115.5","46","Eastside Retail","Tempe","AZ","85281","USA","2024-08-31","2024-08-31T09:00:00","2024-08-31T18:00:00","true","scheduled","Cashier for weekend rush."
"198","178","Ariana Gray","manager","2024-09-01","2024-09-01T09:00:00","2024-09-01T17:00:00","8","30.75","246","47","Riverwalk Shops","Flagstaff","AZ","86001","USA","2024-09-01","2024-09-01T08:00:00","2024-09-01T18:00:00","true","scheduled","Manager for new staff orientation."
"199","179","Ruby Murphy","stock associate","2024-09-02","2024-09-02T16:00:00","2024-09-02T21:00:00","5","15.25","76.25","41","Market Square West","Phoenix","AZ","85003","USA","2024-09-02","2024-09-02T15:00:00","2024-09-02T22:00:00","true","scheduled","Restock after Labor Day sale."
"200","180","Ellie Parker","customer service","2024-09-03","2024-09-03T13:00:00","2024-09-03T19:00:00","6","19","114","42","Sun Valley Retail","Scottsdale","AZ","85251","USA","2024-09-03","2024-09-03T12:00:00","2024-09-03T20:00:00","true","scheduled","Customer service for rewards program."